feature,importance
recent_active_games,0.3127578477261963
top_game_ratio,0.18360882334124878
playtime_forever,0.18352840126146758
avg_playtime,0.16275194386597222
game_count,0.15735298380511484
