feature,importance
recent_active_games,0.45029256109857996
playtime_forever,0.15735895168523245
top_game_ratio,0.1573097348779802
game_count,0.1200988624252063
avg_playtime,0.11493988991300115
