feature,importance
recent_active_games,0.3117742076169591
playtime_forever,0.1830415033556967
top_game_ratio,0.1824342354581439
avg_playtime,0.1652837585359423
game_count,0.15746629503325804
