feature,importance
recent_active_games,0.33997153903163035
top_game_ratio,0.1767418805341091
playtime_forever,0.17500842011998416
avg_playtime,0.15580575382675624
game_count,0.15247240648752017
