feature,importance
recent_active_games,0.3765806776955143
top_game_ratio,0.18021167266617288
playtime_forever,0.17419812592349165
avg_playtime,0.13748348809647676
game_count,0.13152603561834442
